<?xml version="1.0" encoding="utf-8"?>
<options>
  <option option_id="UuidFrom" edit_format="onoff" data_type="boolean">
    <default_value>0</default_value>
    <relation group_id="XenforoLogin" display_order="1"/>
  </option>
  <option option_id="signaturePublickey" edit_format="textbox" data_type="string">
    <default_value></default_value>
    <edit_format_params>rows=10</edit_format_params>
    <relation group_id="XenforoLogin" display_order="1"/>
  </option>
  <option option_id="signatureSecretkey" edit_format="textbox" data_type="string">
    <default_value></default_value>
    <edit_format_params>rows=10</edit_format_params>
    <relation group_id="XenforoLogin" display_order="1"/>
  </option>
  <option option_id="skinDomains" edit_format="textbox" data_type="string">
    <default_value></default_value>
    <edit_format_params>rows=10</edit_format_params>
    <relation group_id="XenforoLogin" display_order="1"/>
  </option>
</options>
