{
    "src/addons/XenforoLoginXenforo/addon.json": "fd29ba5a82e015d0d659e296f2a2a7d5d9f17ac0a5330c5cdc030eaca41f5a79",
    "src/addons/XenforoLoginXenforo/Api/Controller/AuthenticateController.php": "02aca2d99c138c033ab710df32409b982cf5d7b6d01c6f5567e4022ae02cca19",
    "src/addons/XenforoLoginXenforo/Api/Controller/AuthlibController.php": "ae476558c23f03b32def60cb34523b43bb43e07f798e587a01619810bf52e73e",
    "src/addons/XenforoLoginXenforo/Api/Controller/HasJoinedController.php": "c0043ab7a776b274e916e9fbc548287bba6d0dc839efc7c7fca1b77299b28e96",
    "src/addons/XenforoLoginXenforo/Api/Controller/InvalidateController.php": "d1b30a21728a3ec1a3f852f0ea4d90abc896e7b71886fe83f1623dc2c28816ab",
    "src/addons/XenforoLoginXenforo/Api/Controller/JoinController.php": "a3cfb224317e069b75797dc469acb00832b11932337adc2b35897ce85a1c8491",
    "src/addons/XenforoLoginXenforo/Api/Controller/ProfileController.php": "c7140786d53c8dc157d2befd24bbd69f5eb80de20007a0083e7bb98d90f1cb22",
    "src/addons/XenforoLoginXenforo/Api/Controller/RefreshController.php": "2d9e78fbbc254e175c3f77e8e1eb535130effff2b169516879dd353f8166a632",
    "src/addons/XenforoLoginXenforo/Api/Controller/SignoutController.php": "302c61378e19ea35e67da26b96ebbc9e52529efbc8b812f5e464c748239df765",
    "src/addons/XenforoLoginXenforo/Api/Controller/ValidateController.php": "4fce28b802052299b8262798e39e7507371de96e4eff3f147b4d19ce26f40d8e",
    "src/addons/XenforoLoginXenforo/Api/Controller/XenforoLogin.php": "518c8280528b71cec387d477980d3eb868f64d4a10a8cb09fa0c900a7680d11a",
    "src/addons/XenforoLoginXenforo/Entity/XenforoLoginToken.php": "8118162707cea21ddde5d349e5a508d82085b612abd98b24a8015f5b5e5b0567",
    "src/addons/XenforoLoginXenforo/LICENSE": "e3a994d82e644b03a792a930f574002658412f62407f5fee083f2555c5f23118",
    "src/addons/XenforoLoginXenforo/Listener.php": "3f84683bc200f8b81c556280de78cf096ef5bd28109e503d16bf2325afa88181",
    "src/addons/XenforoLoginXenforo/Setup.php": "1b45f0d4b16665e7062da6de445fd09b5567b0ef4fff6c24673da8c2a3330891",
    "src/addons/XenforoLoginXenforo/_data/admin_navigation.xml": "064ec797484ac00d5ee37367b50b06846d11f480d00550997712707f8fdac8c0",
    "src/addons/XenforoLoginXenforo/_data/admin_permission.xml": "ec6fb97cebf0bceb24f1ed1d5778c1db54eeb7535fbb3e31d824840e7aa9ff87",
    "src/addons/XenforoLoginXenforo/_data/advertising_positions.xml": "d2f7cbe844bb1df3cf878d22ff6306249245c8ff6b0b87b9b729744bec538261",
    "src/addons/XenforoLoginXenforo/_data/api_scopes.xml": "6793eaf758f140e8137187ba20e65f4faccf53410433ae3ad7a8b3b38cb6b3b7",
    "src/addons/XenforoLoginXenforo/_data/bb_codes.xml": "faa4ddd5f4a365e5ac39aebdcbe2d25aedf74e7eb9ea4a812766e2fd5e13bdb1",
    "src/addons/XenforoLoginXenforo/_data/bb_code_media_sites.xml": "29762987990187b33e43cfb68c08dc917b2d3f0176613d78f8e6c453f82da3f3",
    "src/addons/XenforoLoginXenforo/_data/class_extensions.xml": "1f548b8006e9952a3f5889f71e09fdfa6726ac1a47c1af7b2626d1a88920d5a4",
    "src/addons/XenforoLoginXenforo/_data/code_events.xml": "8370dec3df47f91df4cf79da253446ad11b29f4ea568fe76c774e97a0379f0eb",
    "src/addons/XenforoLoginXenforo/_data/code_event_listeners.xml": "d6b5072f4909dee7a20ee9e44b163f95c8aa52e6ac7f573e292000cd9238c331",
    "src/addons/XenforoLoginXenforo/_data/content_type_fields.xml": "c7ad5472b28f465b7ac7617627707eba1b7a39d28089460d52e1ed292fc0b06a",
    "src/addons/XenforoLoginXenforo/_data/cron.xml": "323c4284742ef24329cd6db6f288eb9736d2353f36852e1db12591e1583aea26",
    "src/addons/XenforoLoginXenforo/_data/help_pages.xml": "a8a0c0b06cdc550438bc8a8d385af3e1e5ab3459877dfb934c1c31be59c89163",
    "src/addons/XenforoLoginXenforo/_data/member_stats.xml": "89fb2b93ff1eca7a1f6f752248edf6090dfd24037db1446fd18ff7143f08124d",
    "src/addons/XenforoLoginXenforo/_data/navigation.xml": "f75e1c03a45a360bbdfcd0567121665082315068475d5b0feb8b1acbb1688651",
    "src/addons/XenforoLoginXenforo/_data/options.xml": "ed3100917bfaee611bcff325461d69c630f4b94c77513e0f2683f46a56ea2c1a",
    "src/addons/XenforoLoginXenforo/_data/option_groups.xml": "be122e4f7006004594a7c07f40d1c4d0a406ab37cdafc5eee9862f8652605473",
    "src/addons/XenforoLoginXenforo/_data/permissions.xml": "7e4fc7d5826733d15ea2d8936b9bdd41afcaad810eb38e50da3c8d8eafda1550",
    "src/addons/XenforoLoginXenforo/_data/permission_interface_groups.xml": "3177224e96458b829aa7fb24866dda9e0455a4922aee3d669b53f59a1ffdf5d1",
    "src/addons/XenforoLoginXenforo/_data/phrases.xml": "b436fee5e2c7db145c319d052c2d2cf6778dc0bf8d878bc1944ca1ec933b83fa",
    "src/addons/XenforoLoginXenforo/_data/routes.xml": "876fda6fd78952e90c03d884212355bbeb3742d356d31b7574816ba9c85184d0",
    "src/addons/XenforoLoginXenforo/_data/style_properties.xml": "8b8690a8512f01f219dd2da76e3d0c5f62afc1f317b87794a7331c859c36a7a8",
    "src/addons/XenforoLoginXenforo/_data/style_property_groups.xml": "68e1879cb3846c42d978487aa8d5145ff3335fc39e58016878824d5cf3fd684c",
    "src/addons/XenforoLoginXenforo/_data/templates.xml": "95d4b078b90e74e773cef6695ef94c742e74b8d62e6798738f11f0215a58faee",
    "src/addons/XenforoLoginXenforo/_data/template_modifications.xml": "3b54b7df00a6a4a18c5e012b6e2588e35c23aaa13a5fc227f08646a97590d778",
    "src/addons/XenforoLoginXenforo/_data/widget_definitions.xml": "37e46965256430f24004c2e7f08ba08f9b0d1cbcc4d70e84b3f4e3ffb713e64b",
    "src/addons/XenforoLoginXenforo/_data/widget_positions.xml": "a29cee66134f6bc5d75ed9df1eef21096c24401915c5b5c774389c3d7bb2d5b3"
}